title,url,source_country,language,published_date,tone,domain,collected_at
新竹防摔鞋墊OEM 》 從設計到量產 ， 廣薪實業 提供一站式鞋墊代工解決方案 - f78eqyz59696 的部落格,https://blog.udn.com:443/f78eqyz59696/191324803,Taiwan,Chinese,20260711T223000Z,,blog.udn.com,2026-07-11 22:38:31
EU turning into banana republic Durov,http://www.batonrougepost.com/news/279181572/eu-turning-into-banana-republic-durov,United States,English,20260711T223000Z,,batonrougepost.com,2026-07-11 22:38:31
Si stampi la propaganda La minaccia rossa nellagenda di Trump,https://www.zazoom.it/2026-07-12/si-stampi-la-propaganda-la-minaccia-rossa-nellagenda-di-trump/19450971/,Italy,Italian,20260711T223000Z,,zazoom.it,2026-07-11 22:38:31
At Least 15 Tourists Killed in Tragic Boat Disaster,https://www.thedailybeast.com/at-least-15-tourists-killed-in-tragic-boat-disaster/,United States,English,20260711T223000Z,,thedailybeast.com,2026-07-11 22:38:31
Urgent care vet clinic opens in the Falls,https://www.yahoo.com/news/us/articles/urgent-care-vet-clinic-opens-214600761.html,United States,English,20260711T223000Z,,yahoo.com,2026-07-11 22:38:31
Đà Nẵng đạt nhiều kết quả tích cực về chuyển đổi số và đổi mới sáng tạo,https://vietnam.vnanet.vn/vietnamese/tin-tuc/da-nang-dat-nhieu-ket-qua-tich-cuc-ve-chuyen-doi-so-va-doi-moi-sang-tao-456398.html,Vietnam,Vietnamese,20260711T223000Z,,vietnam.vnanet.vn,2026-07-11 22:38:31
KBS 뉴스,https://news.kbs.co.kr/news/pc/view/view.do?ncd=8608429,South Korea,Korean,20260711T223000Z,,news.kbs.co.kr,2026-07-11 22:38:31
创新科技金融服务 推动经济社会高质量发展 _ 东方财富网,https://finance.eastmoney.com/a/202607123802569384.html,China,Chinese,20260711T223000Z,,finance.eastmoney.com,2026-07-11 22:38:31
积蓄更多  从零到一  的力量 （ 教育大计大家谈 ） _ 光明网,https://politics.gmw.cn/2026-07/12/content_38880686.htm,China,Chinese,20260711T223000Z,,politics.gmw.cn,2026-07-11 22:38:31
جريدة البلاد | وزير الخارجية : الأمل رسالة مملكة البحرين الإنسانية والحضارية لمستقبل عالمي أكثر استقرارًا وسلامًا وازدهارًا,https://www.albiladpress.com/news/2026/6480/bahrain/1008693.html,Bahrain,Arabic,20260711T223000Z,,albiladpress.com,2026-07-11 22:38:31
烏克蘭無人機發展 ： 美參議員格雷厄姆訪廠後稱不合作是巨大錯誤,https://www.singtaousa.com/2026/07/11/news/world/us-would-make-huge-mistake-not-to-work-with-ukraine-on-drones-lindsey-graham-says/,China,Chinese,20260711T223000Z,,singtaousa.com,2026-07-11 22:38:31
Seagate BarraCuda 4TB 5400 RPM 3 . 5  Hard Drives,https://www.newegg.com/seagate-barracuda-st4000dm004-4tb-for-daily-computing-5400-rpm/p/N82E16822179299?Item=N82E16822179299&cm_sp=Homepage_SS-_-P5_22-179-299-_-07112026,United States,English,20260711T223000Z,,newegg.com,2026-07-11 22:38:31
"India , New Zealand Target Rs 35 , 000 Crore Bilateral Trade By 2030",https://www.businessworld.in/article/india-new-zealand-target-rs-35-000-crore-bilateral-trade-by-2030-614329,India,English,20260711T223000Z,,businessworld.in,2026-07-11 22:38:31
New York Menjadi Negara Bagian Pertama di AS Larang Kacamata Pintar,https://koran-jakarta.com/2026-07-12/new-york-menjadi-negara-bagian-pertama-di-as-larang-kacamata-pintar,Indonesia,Indonesian,20260711T223000Z,,koran-jakarta.com,2026-07-11 22:38:31
UK tightens oversight of cloud firms serving finance sector,http://www.batonrougepost.com/news/279179612/uk-tightens-oversight-of-cloud-firms-serving-finance-sector,United States,English,20260711T223000Z,,batonrougepost.com,2026-07-11 22:38:31
Building Strong Employee Connections : Strategies For Workplace Success,https://www.unitaid.eu/employee-connection-m42f.html,,English,20260711T223000Z,,unitaid.eu,2026-07-11 22:38:31
UK tightens oversight of cloud firms serving finance sector,http://www.albuquerqueexpress.com/news/279179612/uk-tightens-oversight-of-cloud-firms-serving-finance-sector,United States,English,20260711T223000Z,,albuquerqueexpress.com,2026-07-11 22:38:31
"Polska zmodernizuje ukraińskie MiG - i , ale nie za własne pieniądze . Kosiniak - Kamysz stawia warunek",https://www.bankier.pl/wiadomosc/Polska-zmodernizuje-ukrainskie-MiG-i-ale-nie-za-wlasne-pieniadze-Kosiniak-Kamysz-stawia-warunek-9166866.html,Poland,Polish,20260711T223000Z,,bankier.pl,2026-07-11 22:38:31
UK tightens oversight of cloud firms serving finance sector,http://www.pakistantelegraph.com/news/279179612/uk-tightens-oversight-of-cloud-firms-serving-finance-sector,Pakistan,English,20260711T223000Z,,pakistantelegraph.com,2026-07-11 22:38:31
基础研究点亮未来之光 （ 教育时评 ） _ 光明网,https://politics.gmw.cn/2026-07/12/content_38880690.htm,China,Chinese,20260711T223000Z,,politics.gmw.cn,2026-07-11 22:38:31
How Luxury Hotels Can Create a Signature Sound for Every Guest Experience,https://www.luxurytravelmagazine.com/news-articles/how-luxury-hotels-can-create-a-signature-sound-for-every-guest-experience,United States,English,20260711T223000Z,,luxurytravelmagazine.com,2026-07-11 22:38:31
Meta Unveils $9 . 17 Bn Canada AI Data Centre - BW Businessworld,https://www.businessworld.in/article/meta-unveils-9-17-bn-canada-ai-data-centre-614315,India,English,20260711T223000Z,,businessworld.in,2026-07-11 22:38:31
Global Care Economy Set to Create Significant Growth Opportunities as Care - Dependent Population Reaches Up to 4 ... - Health / Surgery - Frost & Sullivan,https://www.newswiretoday.com/news/186528/,United States,English,20260711T223000Z,,newswiretoday.com,2026-07-11 22:38:31
Commentary : Micron massive profits are a guarantee of trouble,https://www.channelnewsasia.com/commentary/micron-sk-hynix-samsung-profits-chip-shortage-rising-prices-6245961,United States,English,20260711T223000Z,,channelnewsasia.com,2026-07-11 22:38:31
علم کی نئی دنیا - ایکسپریس اردو,https://www.express.pk/story/2821720/a-new-world-of-knowledge-2821720,Pakistan,Urdu,20260711T223000Z,,express.pk,2026-07-11 22:38:31
RDC et Éthiopie : un partenariat numérique en marche,https://www.alwihdainfo.com/rdc-et-ethiopie-un-partenariat-numerique-en-marche/,China,French,20260711T223000Z,,alwihdainfo.com,2026-07-11 22:38:31
ضمیر کی آواز - ایکسپریس اردو,https://www.express.pk/story/2821717/voice-of-conscience-2821717,Pakistan,Urdu,20260711T223000Z,,express.pk,2026-07-11 22:38:31
"India , New Zealand Elevate Ties To Strategic Partnership , Sign 18 MoUs",https://www.businessworld.in/article/india-new-zealand-elevate-ties-to-strategic-partnership-sign-18-mous-614324,India,English,20260711T223000Z,,businessworld.in,2026-07-11 22:38:31
The Chinese Voice Actor Forced to Prove He Human,https://www.sixthtone.com/news/1018753,China,English,20260711T223000Z,,sixthtone.com,2026-07-11 22:38:31
عودة حلم الطيران المدني الأسرع من الصوت,https://www.aletihad.ae/opinion/4678145/%D8%B9%D9%88%D8%AF%D8%A9-%D8%AD%D9%84%D9%85-%D8%A7%D9%84%D8%B7%D9%8A%D8%B1%D8%A7%D9%86-%D8%A7%D9%84%D9%85%D8%AF%D9%86%D9%8A-%D8%A7%D9%84%D8%A3%D8%B3%D8%B1%D8%B9-%D9%85%D9%86-%D8%A7%D9%84%D8%B5%D9%88%D8%AA,,Arabic,20260711T223000Z,,aletihad.ae,2026-07-11 22:38:31
Police Release Man Detained in Murder of Brexit Leader,https://www.thedailybeast.com/police-release-man-detained-in-murder-of-brexit-leader/,United States,English,20260711T223000Z,,thedailybeast.com,2026-07-11 22:38:31
UK tightens oversight of cloud firms serving finance sector,http://www.israelherald.com/news/279179612/uk-tightens-oversight-of-cloud-firms-serving-finance-sector,Israel,English,20260711T223000Z,,israelherald.com,2026-07-11 22:38:31
"Don Iwerks , Disney Legend and Imagineer , Dies at 96",https://www.thewrap.com/creative-content/movies/don-iwerks-obituary-disney-legend-imagineer/,United States,English,20260711T223000Z,,thewrap.com,2026-07-11 22:38:31
Exploring The STBH - 3804 : A Comprehensive Overview,https://www.unitaid.eu/stbh-3804-y3tm.html,,English,20260711T223000Z,,unitaid.eu,2026-07-11 22:38:31
京东全球首个落地RoboBase项目黄埔开工 政企携手 打造  机器人之城  _ 东方财富网,https://finance.eastmoney.com/a/202607123802564739.html,China,Chinese,20260711T223000Z,,finance.eastmoney.com,2026-07-11 22:38:31
OIC Ministerial Conference on Women to Boost Empowerment,https://www.pakistantoday.com.pk/2026/07/11/oic-ministerial-moot-on-women,Pakistan,English,20260711T223000Z,,pakistantoday.com.pk,2026-07-11 22:38:31
Украјинске снаге : погодили смо руски војни полигон и командну мрежу дронова,https://www.politika.rs/scc/clanak/770093/ukrajinske-snage-pogodili-smo-ruski-vojni-poligon-i-komandnu-mrezu-dronova,Serbia,Serbian,20260711T223000Z,,politika.rs,2026-07-11 22:38:31
"Watch China land a reusable rocket for the first time , a new challenge for Elon Musk SpaceX",https://tech.yahoo.com/science/articles/watch-china-land-reusable-rocket-112357142.html,United States,English,20260711T223000Z,,tech.yahoo.com,2026-07-11 22:38:31
Česká pšenice je kvalitní - Články - Agromanuál . cz,https://www.agromanual.cz/cz/clanky/sklizen-a-skladovani/sklizen-1/ceska-psenice-je-kvalitni,Czech Republic,Czech,20260711T223000Z,,agromanual.cz,2026-07-11 22:38:31
" « Miramos al cielo , vimos todo rojo y supimos que el fuego nos venía encima » ",https://www.ideal.es/almeria/almeria/miramos-cielo-vimos-rojo-supimos-fuego-venia-20260712213735-nt.html,Spain,Spanish,20260711T223000Z,,ideal.es,2026-07-11 22:38:31
三家中国企业获世界知识产权组织全球奖,https://baijiahao.baidu.com/s?id=1870391626762976568,China,Chinese,20260711T223000Z,,baijiahao.baidu.com,2026-07-11 22:38:31
Inside the WSU lab helping MLB verify its automated strike zone system,https://www.spokesman.com/stories/2026/jul/11/inside-the-wsu-lab-helping-mlb-verify-its-automate/,United States,English,20260711T223000Z,,spokesman.com,2026-07-11 22:38:31
"Baykar Fen Lisesi , Milli Teknoloji Hamlesinin geleceğini yetiştiriyor",https://www.haber7.com/guncel/haber/3642689-baykar-fen-lisesi-milli-teknoloji-hamlesinin-gelecegini-yetistiriyor,Turkey,Turkish,20260711T223000Z,,haber7.com,2026-07-11 22:38:31
UK tightens oversight of cloud firms serving finance sector,http://www.mainemirror.com/news/279179612/uk-tightens-oversight-of-cloud-firms-serving-finance-sector,United States,English,20260711T223000Z,,mainemirror.com,2026-07-11 22:38:31
الأسلحة الذكية تعيد تشكيل الحروب,https://www.aletihad.ae/opinion/4678147/%D8%A7%D9%84%D8%A3%D8%B3%D9%84%D8%AD%D8%A9-%D8%A7%D9%84%D8%B0%D9%83%D9%8A%D8%A9-%D8%AA%D8%B9%D9%8A%D8%AF-%D8%AA%D8%B4%D9%83%D9%8A%D9%84-%D8%A7%D9%84%D8%AD%D8%B1%D9%88%D8%A8,,Arabic,20260711T223000Z,,aletihad.ae,2026-07-11 22:38:31
"올트먼에 가려졌던 브록먼 , 오픈AI 2인자 굳히며 실권 장악",http://www.koreatimes.com/article/20260711/1621039,South Korea,Korean,20260711T223000Z,,koreatimes.com,2026-07-11 22:38:31
"하원 규칙위 ,  한국의 美기업 차별 보고  NDAA 반영에 제동",http://www.koreatimes.com/article/20260711/1621036,South Korea,Korean,20260711T223000Z,,koreatimes.com,2026-07-11 22:38:31
Panamá rechaza informe internacional sobre contrabando y lavado de activos en zona franca,https://www.diariolasamericas.com/america-latina/panama-rechaza-informe-internacional-contrabando-y-lavado-activos-zona-franca-n5398677,United States,Spanish,20260711T223000Z,,diariolasamericas.com,2026-07-11 22:38:31
A China le falta planeta,https://www.elmundo.es/economia/macroeconomia/2026/07/12/6a4fb0f921efa0a3218b45ab.html,Spain,Spanish,20260711T223000Z,,elmundo.es,2026-07-11 22:38:31
UK tightens oversight of cloud firms serving finance sector,http://www.hawaiitelegraph.com/news/279179612/uk-tightens-oversight-of-cloud-firms-serving-finance-sector,United States,English,20260711T223000Z,,hawaiitelegraph.com,2026-07-11 22:38:31
省政协召开专题协商会 ： 大力实施  人工智能+制造 ， 抢占未来发展制高点,https://baijiahao.baidu.com/s?id=1870420505428796312,China,Chinese,20260711T223000Z,,baijiahao.baidu.com,2026-07-11 22:38:31
Lucas Ribeiro critica adversários e afirma que mantém foco na gestão :  Vão prometer de tudo à Paraíba  – PB AGORA,https://www.pbagora.com.br/noticia/politica/lucas-ribeiro-critica-adversarios-e-afirma-que-mantem-foco-na-gestao-vao-prometer-de-tudo-a-paraiba/,Brazil,Portuguese,20260711T223000Z,,pbagora.com.br,2026-07-11 22:38:31
"배 잘 만드는 것만으론 부족조선업 ,  사이버복원력  경쟁",https://newsway.co.kr/news/view?ud=2026071013332883375,South Korea,Korean,20260711T223000Z,,newsway.co.kr,2026-07-11 22:38:31
Электромобили и гибриды : что выбрать в 2026,https://life.ru/p/1898178,Russia,Russian,20260711T223000Z,,life.ru,2026-07-11 22:38:31
6 Worst Sci - Fi Horror Movies That Failed on Every Level,https://collider.com/worst-sci-fi-horror-movies/,United States,English,20260711T223000Z,,collider.com,2026-07-11 22:38:31
 ¿ Ver para creer ? La erosión de la confianza pública en la era del  deepfake  ,https://www.elmundo.es/economia/macroeconomia/2026/07/12/6a4fbe20e9cf4a50398b45b9.html,Spain,Spanish,20260711T223000Z,,elmundo.es,2026-07-11 22:38:31
向着到2035年建成科技强国的目标坚定迈进 _ 光明网,https://politics.gmw.cn/2026-07/12/content_38880659.htm,China,Chinese,20260711T223000Z,,politics.gmw.cn,2026-07-11 22:38:31
Louis Phạm lên tiếng về việc lộ clip nhạy cảm : Tôi không làm gì sai ! ,https://ngoisao.vn/gioi-tre/hotgirl-hotboy/louis-pham-len-tieng-ve-viec-lo-clip-nhay-cam-toi-khong-lam-gi-sai-d488124.html,Vietnam,Vietnamese,20260711T223000Z,,ngoisao.vn,2026-07-11 22:38:31
Pakistan Grants 47 District ISP Licences to Expand Internet,https://www.pakistantoday.com.pk/2026/07/11/the-internet-spreads,Pakistan,English,20260711T223000Z,,pakistantoday.com.pk,2026-07-11 22:38:31
 ¿ Cómo es el comportamiento vial de los costarricenses ? Salimos a averiguarlo en un foro  móvil  por las calles de San José,https://www.nacion.com/el-pais/como-es-el-comportamiento-vial-de-los/J5LZ2NDADBA5NKZG5X4D2XMLRY/story/,United States,Spanish,20260711T223000Z,,nacion.com,2026-07-11 22:38:31
Від початку доби відбулося 215 боєзіткнень,https://news.bigmir.net/ua/ukraine/10390288-vid-pochatku-dobi-vidbulosya-215-bojezitknen,United States,Ukrainian,20260711T223000Z,,news.bigmir.net,2026-07-11 22:38:31
Debate rages over impact of NSW expanded $120 million shark monitoring system after series of fatal maulings,https://www.skynews.com.au/australia-news/politics/debate-rages-over-impact-of-nsws-expanded-120-million-shark-monitoring-system-after-series-of-fatal-maulings/news-story/6bc09bb756667f8dcfc31aeab240ac21?nk=9032b1a0bdd5b0f6adf1717807edc3b6-1783808214,Australia,English,20260711T223000Z,,skynews.com.au,2026-07-11 22:38:31
Apple Sues OpenAI Over Alleged Trade Secret Theft,https://www.businessworld.in/article/apple-sues-openai-over-alleged-trade-secret-theft-614320,India,English,20260711T223000Z,,businessworld.in,2026-07-11 22:38:31
China recovers Long March - 10B booster at sea,https://www.pakistantoday.com.pk/2026/07/11/china-recovers-reusable-long-march-10b-booster-in-first-net-based-sea-capture,Pakistan,English,20260711T223000Z,,pakistantoday.com.pk,2026-07-11 22:38:31
USC impulsa la competitividad empresarial con formación de alta calidad para profesionales,https://www.elpais.com.co/opinion/usc-impulsa-la-competitividad-empresarial-con-formacion-de-alta-calidad-para-profesionales-1144.html,Colombia,Spanish,20260711T223000Z,,elpais.com.co,2026-07-11 22:38:31
"Amazon GPU Price Hike Positions Nebius Group ( NASDAQ : NBIS ) As A Beneficiary , Analysts Say",https://www.foreignpolicyjournal.com/2026/07/11/amazons-gpu-price-hike-positions-nebius-group-nasdaq-nbis-as-a-beneficiary-analysts-say/,Israel,English,20260711T220000Z,,foreignpolicyjournal.com,2026-07-11 22:38:31
Boone County Fire Protection District deploys specialty teams for flood response,https://krcgtv.com/news/local/boone-county-fire-protection-district-deploys-specialty-teams-for-flood-response,United States,English,20260711T220000Z,,krcgtv.com,2026-07-11 22:38:31
  사실 의아하다  호남 반도체  한 지붕 두 회사 … 치밀한 공간배치 관건,https://biz.heraldcorp.com/article/10805260,South Korea,Korean,20260711T220000Z,,biz.heraldcorp.com,2026-07-11 22:38:31
How redefining one word strips the Endangered Species Act ability to protect vital habitat | National,http://www.averyjournal.com/news/national/how-redefining-one-word-strips-the-endangered-species-act-s-ability-to-protect-vital-habitat/article_843f09a0-f6a1-5647-b9e2-743bd0a19bc7.html,United States,English,20260711T220000Z,,averyjournal.com,2026-07-11 22:38:31
Indalecio Dangond será el nuevo ministro de Agricultura,https://cronicadelquindio.com/actualidad/colombia/indalecio-dangond-sera-el-nuevo-ministro-de-agricultura/,Colombia,Spanish,20260711T220000Z,,cronicadelquindio.com,2026-07-11 22:38:31
10 Useful Accessories Every Photographer Should Have,https://www.bgr.com/2203473/useful-accessories-every-photographer-should-have/,United States,English,20260711T220000Z,,bgr.com,2026-07-11 22:38:31
"Infighting in Congress Major Reason for Election Loss , Teamwork Essential in Punjab : Dr . Udit Raj",https://udaipurkiran.com/infighting-in-congress-major-reason-for-election-loss-teamwork-essential-in-punjab-dr-udit-raj/,India,English,20260711T220000Z,,udaipurkiran.com,2026-07-11 22:38:31
Meta scraps AI image feature days after launch following privacy backlash,https://tribune.com.pk/story/2617725/meta-scraps-ai-image-feature-days-after-launch-following-privacy-backlash,Pakistan,English,20260711T220000Z,,tribune.com.pk,2026-07-11 22:38:31
烏克蘭無人機破壞威力升級 俄羅斯面臨消耗戰困境 | 國際,https://www.cna.com.tw/news/aopl/202607120004.aspx,Taiwan,Chinese,20260711T220000Z,,cna.com.tw,2026-07-11 22:38:31
Reusable rocket milestone puts China in elite space league,https://tribune.com.pk/story/2617720/reusable-rocket-milestone-puts-china-in-elite-space-league,Pakistan,English,20260711T220000Z,,tribune.com.pk,2026-07-11 22:38:31
Matric results marred by technical glitches,https://tribune.com.pk/story/2617741/matric-results-marred-by-technical-glitches,Pakistan,English,20260711T220000Z,,tribune.com.pk,2026-07-11 22:38:31
"68 yıl  Demir Akciğer  ile yaşadı , ölümü kahretti ! Arıza hayatına mal oldu",https://www.sozcu.com.tr/68-yil-demir-akciger-ile-yasadi-olumu-kahretti-ariza-hayatina-mal-oldu-p335680,Turkey,Turkish,20260711T220000Z,,sozcu.com.tr,2026-07-11 22:38:31
"Used sedans available at $15 , 000",https://www.columbian.com/news/2026/jul/11/used-sedans-available-at-15000/,United States,English,20260711T220000Z,,columbian.com,2026-07-11 22:38:31
2026年服贸会倒计时60天 首批论坛会议 、 洽谈推介及配套活动出炉,https://beijing.qianlong.com/2026/0712/8696245.shtml,China,Chinese,20260711T220000Z,,beijing.qianlong.com,2026-07-11 22:38:31
Polymarket trying to sell new version of itself to U . S . public,https://www.columbian.com/news/2026/jul/11/polymarket-trying-to-sell-new-version-of-itself-to-u-s-public/,United States,English,20260711T220000Z,,columbian.com,2026-07-11 22:38:31
"Apple sues OpenAI , two former employees for trade secrets theft",https://tribune.com.pk/story/2617722/apple-sues-openai-two-former-employees-for-trade-secrets-theft,Pakistan,English,20260711T220000Z,,tribune.com.pk,2026-07-11 22:38:31
"Pentru prima dată de la începutul războiului , Ucraina atacă Rusia cu roboți . Anunțul a fost făcut chiar de Kremlin",https://www.antena3.ro/externe/pentru-prima-data-de-la-inceputul-razboiului-ucraina-ataca-rusia-cu-roboti-anuntul-a-fost-facut-chiar-de-kremlin-795311.html,Romania,Romanian,20260711T220000Z,,antena3.ro,2026-07-11 22:38:31
Hellenic Army Drone Training in Alexandroupoli,https://athens-times.com/alexandroupoli-how-the-hellenic-army-is-training-its-next-generation-drone-operators/,Greece,English,20260711T220000Z,,athens-times.com,2026-07-11 22:38:31
Tanzania kinara wa graphite Afrika – HabariLeo,https://habarileo.co.tz/tanzania-kinara-wa-graphite-afrika/,Tanzania,Swahili,20260711T220000Z,,habarileo.co.tz,2026-07-11 22:38:31
AI挑战下 中国5年规划罕见未设定就业数字目标,https://www.wenxuecity.com/news/2026/07/11/126705527.html,China,Chinese,20260711T220000Z,,wenxuecity.com,2026-07-11 22:38:31
베트남  전국 수석  18세 영재가 카이스트 택한 이유 … AI 최고 전문가 될 것  ,https://heraldk.com/2026/07/10/%eb%b2%a0%ed%8a%b8%eb%82%a8-%e2%80%98%ec%a0%84%ea%b5%ad-%ec%88%98%ec%84%9d%e2%80%99-18%ec%84%b8-%ec%98%81%ec%9e%ac%ea%b0%80-%ec%b9%b4%ec%9d%b4%ec%8a%a4%ed%8a%b8-%ed%83%9d%ed%95%9c-%ec%9d%b4%ec%9c%a0/,South Korea,Korean,20260711T220000Z,,heraldk.com,2026-07-11 22:38:31
Modis Foreign Tour Strengthens Indo - Pacific Economic Model : Gaurav Vallabh,https://udaipurkiran.com/modis-foreign-tour-strengthens-indo-pacific-economic-model-gaurav-vallabh/,India,English,20260711T220000Z,,udaipurkiran.com,2026-07-11 22:38:31
AI关键 联合国报告指中国电力技术创新居全球首位,https://www.wenxuecity.com/news/2026/07/11/126705602.html,China,Chinese,20260711T220000Z,,wenxuecity.com,2026-07-11 22:38:31
 ¿ Es seguro dar tu rostro al banco para retirar dinero ? Lo qué debes saber,https://laverdadnoticias.com/dinero-inteligente/finanzas-personales/es-seguro-dar-tu-rostro-al-banco,Mexico,Spanish,20260711T220000Z,,laverdadnoticias.com,2026-07-11 22:38:31
"NATO $57B Defense Procurement Surge Makes These ETFs ( NYSE : ITA , NYSE : PPA ) Compelling Buys",https://www.foreignpolicyjournal.com/2026/07/11/natos-57b-defense-procurement-surge-makes-these-etfs-nyse-ita-nyse-ppa-compelling-buys/,Israel,English,20260711T220000Z,,foreignpolicyjournal.com,2026-07-11 22:38:31
యువతపై సైబర్‌ వల | Cyber ​​​​trap on youth,https://www.andhrajyothy.com/2026/telangana/karimnagar/cyber-trap-on-youth-1540946.html,United States,Telugu,20260711T220000Z,,andhrajyothy.com,2026-07-11 22:38:31
Google ( NASDAQ : GOOGL ) And Amazon ( NASDAQ : AMZN ) Drive 4 % Jump In North American Data - Center Pipeline,https://www.foreignpolicyjournal.com/2026/07/11/google-nasdaq-googl-and-amazon-nasdaq-amzn-drive-4-jump-in-north-american-data-center-pipeline/,Israel,English,20260711T220000Z,,foreignpolicyjournal.com,2026-07-11 22:38:31
Understanding Winston Salem ECrash : A Comprehensive Guide To Vehicle Crash Reporting,https://www.unitaid.eu/winston-salem-ecrash-p2dv.html,,English,20260711T220000Z,,unitaid.eu,2026-07-11 22:38:31
"South Carolina emerges as one of top states for data centers , local skepticism persists",https://wach.com/news/local/south-carolina-emerges-as-one-of-the-top-state-for-data-centers-local-skepticism-persists,United States,English,20260711T220000Z,,wach.com,2026-07-11 22:38:31
Μπορεί η Ευρώπη να αντέξει τους καύσωνες χωρίς περισσότερα κλιματιστικά ; ,https://www.cretalive.gr/ekeinos-ekeini/mporei-i-eyropi-na-antexei-toys-kaysones-horis-perissotera-klimatistika,Greece,Greek,20260711T220000Z,,cretalive.gr,2026-07-11 22:38:31
NATOs Missile Summit : The arms race Europe just signed up for,http://www.japanherald.com/news/279181188/natos-missile-summit-the-arms-race-europe-just-signed-up-for,Japan,English,20260711T220000Z,,japanherald.com,2026-07-11 22:38:31
ECOWAS parliament seeks tougher anti - trafficking laws to curb irregular migration,https://tribuneonlineng.com/ecowas-parliament-seeks-tougher-anti-trafficking-laws-to-curb-irregular-migration/,Nigeria,English,20260711T220000Z,,tribuneonlineng.com,2026-07-11 22:38:31
UK tightens oversight of cloud firms serving finance sector,http://www.japanherald.com/news/279179612/uk-tightens-oversight-of-cloud-firms-serving-finance-sector,Japan,English,20260711T220000Z,,japanherald.com,2026-07-11 22:38:31
"Grossmanov hudi maček španskemu filmu Noč , občinstvo izbralo grozljivko Nikoli po temi",https://www.rtvslo.si/kultura/film-in-tv/grossmanov-hudi-macek-spanskemu-filmu-noc-obcinstvo-izbralo-grozljivko-nikoli-po-temi/787895,Slovenia,Slovenian,20260711T220000Z,,rtvslo.si,2026-07-11 22:38:31
Pământul va avea o „ cutie neagră  care va înregistra fiecare pas al omenirii spre catastrofa climatică,https://www.antena3.ro/externe/mapamond/pamantul-va-avea-o-cutie-neagra-care-va-inregistra-fiecare-pas-al-omenirii-spre-catastrofa-climatica-795120.html,Romania,Romanian,20260711T220000Z,,antena3.ro,2026-07-11 22:38:31
美国成屋销售意外降温 ， 房价却刷新纪录 ， 年轻买房人再遭暴击,https://www.163.com/dy/article/L1K19FGO05561FZV.html,China,Chinese,20260711T220000Z,,163.com,2026-07-11 22:38:31
"The Rolling Stones estrena  Foreign Tongue , blues rock británico en su maxima expresión",https://www.elgrafico.mx/opinion/sergio-flores/2026/07/11/the-rolling-stones-estrena-foreign-tongues-blues-rock-britanico-en-su-maxima-expresion/,Mexico,Spanish,20260711T220000Z,,elgrafico.mx,2026-07-11 22:38:31
"For Sale ( 30 Pieces ) New Apple iPhone 17 Pro Max Original 256GB Unlocked $26 , 970CAD",http://www.dhal3.com/vb/showthread.php?s=d9027685db31ba82e67d72ac13ee5855&t=307119,United States,English,20260711T220000Z,,dhal3.com,2026-07-11 22:38:31
"Apple sues OpenAI , alleging theft to build AI hardware",https://www.siasat.com/apple-sues-openai-alleging-theft-to-build-ai-hardware-3505614/,India,English,20260711T220000Z,,siasat.com,2026-07-11 22:38:31
"Muere Martha Lillard a los 78 años , la última sobreviviente de polio que usaba pulmón de acero en EU",https://www.tvazteca.com/aztecanoticias/muere-martha-lillard-a-los-78-anos-la-ultima-sobreviviente-polio-que-usaba-pulmon/,Mexico,Spanish,20260711T220000Z,,tvazteca.com,2026-07-11 22:38:31
CENSORSHIP BUDDIES : Bush And Obama Hold  Disinformation  Conferences,https://newsbusters.org/blogs/free-speech/autumn-johnson/2022/11/13/censorship-buddies-bush-and-obama-hold-disinformation,United States,English,20260711T220000Z,,newsbusters.org,2026-07-11 22:38:31
"Il Bandolo - Il vertice NATO di Ankara , le crisi in corso , come deve riorganizzarsi lEuropa",http://www.radioradicale.it/scheda/794424/il-bandolo-il-vertice-nato-di-ankara-le-crisi-in-corso-come-deve-riorganizzarsi,Italy,Italian,20260711T220000Z,,radioradicale.it,2026-07-11 22:38:31
How Vertiv ( VRT ) Is Expanding Its AI Data Center Cooling Platform Through the ThermoKey Acquisition,https://www.insidermonkey.com/blog/how-vertiv-vrt-is-expanding-its-ai-data-center-cooling-platform-through-the-thermokey-acquisition-1800002/,United States,English,20260711T220000Z,,insidermonkey.com,2026-07-11 22:38:31
Ex rector de INTEC Rolando Guzmán asumirá la dirección del periódico Hoy,https://eldia.com.do/ex-rector-de-intec-rolando-guzman-asumira-la-direccion-del-periodico-hoy/,Dominican Republic,Spanish,20260711T220000Z,,eldia.com.do,2026-07-11 22:38:31
"EPA wants to relax air pollution standards for buses , trucks",https://www.columbian.com/news/2026/jul/11/epa-wants-to-relax-air-pollution-standards-for-buses-trucks/,United States,English,20260711T220000Z,,columbian.com,2026-07-11 22:38:31
WebcamXP 5 : A Comprehensive Overview Of Features And Applications,https://www.unitaid.eu/intitle-webcamxp-5-40rd.html,,English,20260711T220000Z,,unitaid.eu,2026-07-11 22:38:31
LFP batarya hücrelerinde gümrük vergisi sıfırlandı,https://www.donanimhaber.com/lfp-batarya-hucrelerinde-gumruk-vergisi-sifirlandi--207987,Turkey,Turkish,20260711T220000Z,,donanimhaber.com,2026-07-11 22:38:31
KADIRS Approves Three New Area Revenue Offices,https://www.channelstv.com/2026/07/11/kadirs-approves-three-new-area-revenue-offices/,Nigeria,English,20260711T220000Z,,channelstv.com,2026-07-11 22:38:31
"Karo analitikai : Putinas tęs karą , kol bus gyvas",https://www.delfi.lt/naujienos/uzsienyje/karo-analitikai-putinas-tes-kara-kol-bus-gyvas-taciau-rusijai-nebesiseka-120275026,Lithuania,Lithuanian,20260711T220000Z,,delfi.lt,2026-07-11 22:38:31
Cámaras en semáforos de Quito : ¿ generan fotomultas los nuevos dispositivos inteligentes ? ,https://www.expreso.ec/quito/camaras-semaforos-quito-generan-fotomultas-nuevos-dispositivos-inteligentes-288888.html,Ecuador,Spanish,20260711T220000Z,,expreso.ec,2026-07-11 22:38:31
NASA traži dobrovoljce za misiju na Mars i Mesec,https://informer.rs/planeta/vesti/1131857/nasa-volonteri-mars-mesec,Serbia,Serbian,20260711T220000Z,,informer.rs,2026-07-11 22:38:31
UK tightens oversight of cloud firms serving finance sector,http://www.texasguardian.com/news/279179612/uk-tightens-oversight-of-cloud-firms-serving-finance-sector,United States,English,20260711T220000Z,,texasguardian.com,2026-07-11 22:38:31
ABden Instagram ve Facebooka ültimatom,https://www.donanimhaber.com/ab-den-instagram-ve-facebook-a-ultimatom--207972,Turkey,Turkish,20260711T220000Z,,donanimhaber.com,2026-07-11 22:38:31
Geceyi gündüze çevirmeyi hedefleyen uyduya FCCden onay geldi,https://www.donanimhaber.com/geceyi-gunduze-cevirmeyi-hedefleyen-uyduya-fcc-den-onay-geldi--207986,Turkey,Turkish,20260711T220000Z,,donanimhaber.com,2026-07-11 22:38:31
TARURA kutumia maabara za kisasa kuimarisha miradi ya ujenzi – HabariLeo,https://habarileo.co.tz/tarura-kutumia-maabara-za-kisasa-kuimarisha-miradi-ya-ujenzi/,Tanzania,Swahili,20260711T220000Z,,habarileo.co.tz,2026-07-11 22:38:31
Ponte a prueba : ¿ eres capaz de detectar un rostro generado por IA ? ,https://eldeber.com.bo/bbc/ponte-a-prueba-eres-capaz-de-detectar-un-rostro-generado-por-ia--202671175334,Bolivia,Spanish,20260711T220000Z,,eldeber.com.bo,2026-07-11 22:38:31
Jim Cramer Says Broadcom ( NASDAQ : AVGO ) Stock Price Will Rebound On Massive Apple ASIC Contract,https://www.foreignpolicyjournal.com/2026/07/11/jim-cramer-says-broadcom-nasdaq-avgo-stock-price-will-rebound-on-massive-apple-asic-contract/,Israel,English,20260711T220000Z,,foreignpolicyjournal.com,2026-07-11 22:38:31
China answer to SpaceX reusable rockets literally catches boosters in a net,https://www.digitaltrends.com/space/chinas-answer-to-spacexs-reusable-rockets-literally-catches-boosters-in-a-net/,United States,English,20260711T220000Z,,digitaltrends.com,2026-07-11 22:38:31
彰化工安鞋製造工廠 》 廣薪實業 深耕鞋墊 OEM / ODM ， 打造高品質客製化代工服務 - j88t4jw977239 的部落格,https://blog.udn.com:443/j88t4jw977239/191324773,Taiwan,Chinese,20260711T220000Z,,blog.udn.com,2026-07-11 22:38:31
Sal fundida : la tecnología que promete energía solar incluso de noche,https://laverdadnoticias.com/futuro-ahora/tecnologia-verde/sal-fundida-energia-solar,Mexico,Spanish,20260711T220000Z,,laverdadnoticias.com,2026-07-11 22:38:31
北京科技大学雄安校区塔吊司机张小燕 ： 在65米高空和丈夫遥遥相望,https://beijing.qianlong.com/2026/0712/8696256.shtml,China,Chinese,20260711T220000Z,,beijing.qianlong.com,2026-07-11 22:38:31
"BYDden 11 , 3 GWhlik rekor batarya anlaşması",https://www.donanimhaber.com/byd-den-11-3-gwh-lik-rekor-batarya-anlasmasi--207960,Turkey,Turkish,20260711T220000Z,,donanimhaber.com,2026-07-11 22:38:31
Impenetrable steel  Black Box  will catalog human catastrophe,https://www.wisn.com/article/impenetrable-steel-black-box-record-every-step-humanity-takes-toward-catastrophe/71905872,United States,English,20260711T220000Z,,wisn.com,2026-07-11 22:38:31
Apple demanda a OpenAI por el supuesto robo de secretos comerciales de dispositivos iPhone,https://eldia.com.do/apple-demanda-a-openai-por-el-supuesto-robo-de-secretos-comerciales-de-dispositivos-iphone/,Dominican Republic,Spanish,20260711T220000Z,,eldia.com.do,2026-07-11 22:38:31
格力与吉利签约合作 ！- 新浪汽车,https://k.sina.com.cn/article_5952915720_162d2490806704e1uc.html,China,Chinese,20260711T220000Z,,k.sina.com.cn,2026-07-11 22:38:31
UK tightens oversight of cloud firms serving finance sector,http://www.dallassun.com/news/279179612/uk-tightens-oversight-of-cloud-firms-serving-finance-sector,United States,English,20260711T220000Z,,dallassun.com,2026-07-11 22:38:31
"Goiás confirma empréstimo de US$ 90 , 3 milhões com o BID para modernizar gestão fiscal e ampliar transformao digital",https://www.jornalopcao.com.br/economia/goias-confirma-emprestimo-de-us-903-milhoes-com-o-bid-para-modernizar-gestao-fiscal-e-ampliar-transformacao-digital-846000/,Brazil,Portuguese,20260711T220000Z,,jornalopcao.com.br,2026-07-11 22:38:31
Sabasaba yaibua hamasa uhifadhi wa mazingira – HabariLeo,https://habarileo.co.tz/sabasaba-yaibua-hamasa-ya-uhifadhi-wa-mazingira/,Tanzania,Swahili,20260711T220000Z,,habarileo.co.tz,2026-07-11 22:38:31
How redefining one word strips the Endangered Species Act ability to protect vital habitat | National News,https://www.mykxlg.com/news/national/how-redefining-one-word-strips-the-endangered-species-act-s-ability-to-protect-vital-habitat/article_4c4535c0-fc8b-5686-8c6a-7a32aabc9817.html,United States,English,20260711T220000Z,,mykxlg.com,2026-07-11 22:38:31
"Khánh thành Trung tâm Chỉ huy , điều hành , tác chiến xuất nhập cảnh",https://baovanhoa.vn/chinh-tri/khanh-thanh-trung-tam-chi-huy-dieu-hanh-tac-chien-xuat-nhap-canh-245090.html,Vietnam,Vietnamese,20260711T220000Z,,baovanhoa.vn,2026-07-11 22:38:31
UK tightens oversight of cloud firms serving finance sector,http://www.baltimorestar.com/news/279179612/uk-tightens-oversight-of-cloud-firms-serving-finance-sector,United States,English,20260711T220000Z,,baltimorestar.com,2026-07-11 22:38:31
NDAQ : DJT Forum Post | Nailbiter2 - 37050482 | MAGA Farmers Are DESPERATE For WORKERS | Trump Media and Technology Group Corporation,https://stockhouse.com/companies/bullboard?symbol=djt&postid=37050482,United States,English,20260711T220000Z,,stockhouse.com,2026-07-11 22:38:31
Tribunal confirma multa de R$ 26 bilhões contra Google por prática considerada ilegal,https://www.jornalopcao.com.br/mundo/tribunal-confirma-multa-de-r-26-bilhoes-contra-google-por-pratica-considerada-ilegal-845945/,Brazil,Portuguese,20260711T220000Z,,jornalopcao.com.br,2026-07-11 22:38:31
Клеточную терапию хронической травмы спинного мозга готовят к испытанию у людей,https://medicalinsider.ru/onkologiya/kletochnuyu-terapiyu-hronicheskoy-travmy-spinnogo-mozga-gotovyat-k-ispytaniyu-u-lyudey/,Russia,Russian,20260711T220000Z,,medicalinsider.ru,2026-07-11 22:38:31
大摩 、 瑞银上调中国股票配置 下半年押注中国AI,https://www.wenxuecity.com/radio/post.php?act=post_view&postid=147671&userid=2638,China,Chinese,20260711T220000Z,,wenxuecity.com,2026-07-11 22:38:31
燕宝奖学金发放仪式暨交流座谈会在北京师范大学举办,https://baijiahao.baidu.com/s?id=1870320298070215906,China,Chinese,20260711T220000Z,,baijiahao.baidu.com,2026-07-11 22:38:31
"이 대통령 , 3박 5일 나토 · 몽골 순방 마치고 귀국 … 경제안보 실용외교 방점",https://heraldk.com/2026/07/11/%ec%86%8d%eb%b3%b4%e6%9d%8e-3%eb%b0%95-5%ec%9d%bc-%eb%82%98%ed%86%a0%c2%b7%eb%aa%bd%ea%b3%a8-%ec%88%9c%eb%b0%a9-%eb%a7%88%ec%b9%98%ea%b3%a0-%ea%b7%80%ea%b5%ad%e2%80%a6%ea%b2%bd%ec%a0%9c%ec%95%88/,South Korea,Korean,20260711T220000Z,,heraldk.com,2026-07-11 22:38:31
Κικίλιας από Κάλυμνο : Το νησί πρέπει να έχει σταθερή ακτοπλοϊκή σύνδεση όλο τον χρόνο,https://www.typosthes.gr/politiki/435329_kikilias-apo-kalymno-nisi-prepei-na-ehei-statheri-aktoploiki-syndesi-olo-ton-hrono,Greece,Greek,20260711T220000Z,,typosthes.gr,2026-07-11 22:38:31
Why Seagate Technology ( STX ) Is Strengthening Its AI Storage Growth Outlook Through Cloud Demand and Higher - Capacity HDDs,https://www.insidermonkey.com/blog/why-seagate-technology-stx-is-strengthening-its-ai-storage-growth-outlook-through-cloud-demand-and-higher-capacity-hdds-1800009/,United States,English,20260711T220000Z,,insidermonkey.com,2026-07-11 22:38:31
EXPLAINER – Why China reusable rocket breakthrough matters,https://aa.com.tr/en/features/explainer-why-china-s-reusable-rocket-breakthrough-matters/3994407,Turkey,English,20260711T220000Z,,aa.com.tr,2026-07-11 22:38:31
V bezpečí před umělou inteligencí : v jakých profesích se vám v budoucnu bude dařit ? | 11 . 7 . 2026,https://www.blisty.cz/art/134650-v-bezpeci-pred-umelou-inteligenci-v-jakych-profesich-se-vam-v-budoucnu-bude-darit.html,Czech Republic,Czech,20260711T220000Z,,blisty.cz,2026-07-11 22:38:31
TSX : ELVA Forum Post | fabdaq2021 - 37050473 | back in,https://stockhouse.com/companies/bullboard?symbol=t.elva&postid=37050473,United States,English,20260711T220000Z,,stockhouse.com,2026-07-11 22:38:31
Μειώνεται αργά το ψηφιακό χάσμα μεταξύ ανδρών και γυναικών,https://www.cretalive.gr/ekeinos-ekeini/meionetai-arga-psifiako-hasma-metaxy-andron-kai-gynaikon,Greece,Greek,20260711T220000Z,,cretalive.gr,2026-07-11 22:38:31
"Gobierno nacional deja en marcha el primer modelo comunitario de conectividad , que ya beneficia a más de 26 . 000 hogares",https://www.hsbnoticias.com/gobierno-nacional-deja-en-marcha-el-primer-modelo-comunitario-de-conectividad-que-ya-beneficia-a-mas-de-26-000-hogares/,Colombia,Spanish,20260711T220000Z,,hsbnoticias.com,2026-07-11 22:38:31
iPhone 18 Pro Max : los 3 cambios físicos fueron filtrados,https://laverdadnoticias.com/futuro-ahora/gadgets-que-importan/iphone-18-pro-max-cambio-fisico,Mexico,Spanish,20260711T220000Z,,laverdadnoticias.com,2026-07-11 22:38:31
What Smart People Are Saying About Apple Lawsuit Against OpenAI,https://www.businessinsider.com/apple-lawsuit-openai-trade-secrets-what-smart-people-are-saying-2026-7,United States,English,20260711T220000Z,,businessinsider.com,2026-07-11 22:38:31
彰化校園智慧鞋ODM 》 從材料選配到成品交付 ， 廣薪實業 打造專業鞋墊製造流程 - t99jiundz40031 的部落格,https://blog.udn.com:443/t99jiundz40031/191324768,Taiwan,Chinese,20260711T220000Z,,blog.udn.com,2026-07-11 22:38:31
Tinubu approves upgrade of Federal Polytechnic Nasarawa to Specialised University following Wadada proposal,https://dailypost.ng/2026/07/11/tinubu-approves-upgrade-of-federal-polytechnic-nasarawa-to-specialised-university-following-wadadas-proposal/,Nigeria,English,20260711T220000Z,,dailypost.ng,2026-07-11 22:38:31
The Role Of Carts At Airports : Enhancing Passenger Experience And Operational Efficiency,https://www.unitaid.eu/carts-airport-uu0o.html,,English,20260711T220000Z,,unitaid.eu,2026-07-11 22:38:31
A Morte do Demônio : quais filmes ver antes de Em Chamas no cinema ? ,https://canaltech.com.br/entretenimento/a-morte-do-demonio-quais-filmes-ver-antes-de-em-chamas-no-cinema/,Brazil,Portuguese,20260711T214500Z,,canaltech.com.br,2026-07-11 22:38:31
Книга недели : цвет в истории русской культуры,https://iz.ru/2130463/lidiia-maslova/vybirai-sebe-liuboi-fizika-i-metafizika-tcveta-v-istorii-russkoi-kultury,Russia,Russian,20260711T214500Z,,iz.ru,2026-07-11 22:38:31
Pemex descarta fracking en San Luis Potosí tras polémica por uso de explosivos,https://tribuna.com.mx/mexico/2026/07/11/pemex-descarta-fracking-en-san-luis-potosi-tras-polemica-por-uso-de-explosivos_605893/,Mexico,Spanish,20260711T214500Z,,tribuna.com.mx,2026-07-11 22:38:31
6 tecnologias para quem é  anti - tecnologia ; saiba o que usar para se desplugar,https://canaltech.com.br/produtos/6-tecnologias-para-quem-e-anti-tecnologia-saiba-o-que-usar-para-se-desplugar/,Brazil,Portuguese,20260711T214500Z,,canaltech.com.br,2026-07-11 22:38:31
Производство ракет Patriot на Украине : перспективы и риски проектов,https://iz.ru/2130362/dmitrij-kornev/rzachem-evrope-ukrainskie-raketnye-programmy,Russia,Russian,20260711T214500Z,,iz.ru,2026-07-11 22:38:31
Impenetrable steel  Black Box  will catalog human catastrophe,https://www.kcci.com/article/impenetrable-steel-black-box-record-every-step-humanity-takes-toward-catastrophe/71905872,United States,English,20260711T214500Z,,kcci.com,2026-07-11 22:38:31
Unde să stai în chirie dacă ești student în București . Cele mai bune zone în 2026,https://jurnalul.ro/bani-afaceri/constructii-proprietati/unde-sa-stai-in-chirie-daca-esti-student-in-bucuresti-cele-mai-bune-zone-in-2026-1038637.html,Romania,Romanian,20260711T214500Z,,jurnalul.ro,2026-07-11 22:38:31
Мінус 60 одиниць техніки : десантники показали кадри знищення російської броні під Слов  янськом,https://uainfo.org/blognews/1783788019-minus-60-odinits-tehniki-desantniki-pokazali-kadri-znishchennya.html,Ukraine,Ukrainian,20260711T214500Z,,uainfo.org,2026-07-11 22:38:31
Startup que busca construir el primer buró de crédito de la construcción en México levanta 6 mdd,https://forbes.com.mx/startup-que-busca-construir-el-primer-buro-de-credito-de-la-construccion-en-mexico-levanta-6-mdd/,Mexico,Spanish,20260711T214500Z,,forbes.com.mx,2026-07-11 22:38:31
Are 123 de ani și funcționează impecabil : Sistemul de aer condiționat din cărămidă și fier care nu scoate niciun sunet și dă lecții tehnologiei moderne,https://www.libertatea.ro/lifestyle/sistem-aer-conditionat-vechi-peste-o-suta-de-ani-caramida-fier-functional-5812553,Romania,Romanian,20260711T214500Z,,libertatea.ro,2026-07-11 22:38:31
"200 रुपए में बच्चों के अश्लील वीडियो बेचने वाला छात्र फिरोजाबाद में गिरफ्तार , Google की रिपोर्ट पर पुलिस का एक्शन - firozabad student arrested for selling child pornography",https://www.jagran.com/uttar-pradesh/firozabad-firozabad-student-arrested-for-selling-child-pornography-40303293.html,India,Hindi,20260711T214500Z,,jagran.com,2026-07-11 22:38:31
הברית הביטחונית מתהדקת : רפאל תייצר מיירטי כיפת ברזל בהודו,https://www.globes.co.il/news/article.aspx?did=1001548978,Israel,Hebrew,20260711T214500Z,,globes.co.il,2026-07-11 22:38:31
Emirates A380 services heading to Hyderabad ; CM Reddy proposes MRO facilities at state new airports,http://www.indiagazette.com/news/279181427/emirates-a380-services-heading-to-hyderabad-cm-reddy-proposes-mro-facilities-at-state-new-airports,India,English,20260711T214500Z,,indiagazette.com,2026-07-11 22:38:31
ソフトバンク ・ 牧原大成 7点猛攻の初回に3ラン 、 3安打4打点の大暴れ ！ 昨季首位打者すっかり復調 （ スポニチ ） ,https://mainichi.jp/articles/20260712/spp/sp0/001/029000c,Japan,Japanese,20260711T214500Z,,mainichi.jp,2026-07-11 22:38:31
长征十号乙首飞成功开启新篇 ， 海上网系回收领航 ， 商业航天下半年迎爆发 - 业界动态 - ITBear科技资讯,https://www.itbear.com.cn/html/2026-07/1440596.html,China,Chinese,20260711T214500Z,,itbear.com.cn,2026-07-11 22:38:31
"  Río Grande es nuestra historia compartida , nuestro presente y el futuro que vamos a construir juntos  ",https://www.surenio.com.ar/rio-grande-es-nuestra-historia-compartida-nuestro-presente-y-el-futuro-que-vamos-a-construir-juntos/,Argentina,Spanish,20260711T214500Z,,surenio.com.ar,2026-07-11 22:38:31
Meia - idade nos games : 10 tiozões e tiazonas que ainda arrebentam em aventuras,https://canaltech.com.br/games/meia-idade-nos-games-10-tiozoes-e-tiazonas-que-ainda-arrebentam-em-aventuras/,Brazil,Portuguese,20260711T214500Z,,canaltech.com.br,2026-07-11 22:38:31
Global Mofy AI Limited ( NASDAQ : GMM ) Short Interest Down 86 . 8 % in June,https://www.tickerreport.com/banking-finance/13501218/global-mofy-ai-limited-nasdaqgmm-short-interest-down-86-8-in-june.html,United States,English,20260711T214500Z,,tickerreport.com,2026-07-11 22:38:31
Água no farol de LED pode causar prejuízo gigantesco ; veja o motivo,https://canaltech.com.br/carros/agua-no-farol-de-led-pode-causar-prejuizo-gigantesco-veja-o-motivo/,Brazil,Portuguese,20260711T214500Z,,canaltech.com.br,2026-07-11 22:38:31
XIAO - I ( NASDAQ : AIXI ) Trading Down 1 . 5 % – What Next ? ,https://www.themarketsdaily.com/2026/07/11/xiao-i-nasdaqaixi-trading-down-1-5-whats-next.html,United States,English,20260711T214500Z,,themarketsdaily.com,2026-07-11 22:38:31
Unicamp desenvolve tecnologia capaz de identificar com precisão doenças pulmonares,https://correio.rac.com.br/campinasermc/unicamp-desenvolve-tecnologia-capaz-de-identificar-com-precis-o-doencas-pulmonares-1.1828123,Brazil,Portuguese,20260711T211500Z,,correio.rac.com.br,2026-07-11 22:38:31
今年前5个月刑事案件同比下降,http://news.china.com.cn/2026-07/12/content_118594714.shtml,China,Chinese,20260711T211500Z,,news.china.com.cn,2026-07-11 22:38:31
سپر پاورز کے نئے میدان اور ہم - ایکسپریس اردو,https://www.express.pk/story/2821708/new-arenas-of-superpowers-and-us-2821708,Pakistan,Urdu,20260711T211500Z,,express.pk,2026-07-11 22:38:31
UK tightens oversight of cloud firms serving finance sector,http://www.nigeriasun.com/news/279179612/uk-tightens-oversight-of-cloud-firms-serving-finance-sector,Nigeria,English,20260711T211500Z,,nigeriasun.com,2026-07-11 22:38:31
Oklahoma Woman Dependent on Iron Lung Passes Away at 78,https://themunicheye.com/oklahoma-woman-dies-iron-lung-age-78-34501,Germany,English,20260711T211500Z,,themunicheye.com,2026-07-11 22:38:31
Hamburg Sustainability Conference 2026 – AfricaNewsAnalysis,https://www.africanewsanalysis.com/hamburg-sustainability-conference-2026/11/20/49/10/07/2026/,Ghana,English,20260711T211500Z,,africanewsanalysis.com,2026-07-11 22:38:31
⁠Apple demanda a Open AI ante un tribunal de Estados Unidos,https://www.elcaribe.com.do/gente/tecnologia/%E2%81%A0apple-demanda-a-open-ai-ante-un-tribunal-de-estados-unidos/,Dominican Republic,Spanish,20260711T211500Z,,elcaribe.com.do,2026-07-11 22:38:31
"NHS confirms GP appointment change for 200 , 000 patients in England",https://www.birminghammail.co.uk/news/midlands-news/nhs-confirms-gp-appointment-change-34249582,United Kingdom,English,20260711T211500Z,,birminghammail.co.uk,2026-07-11 22:38:31
La NASA confirma desplazamiento masivo de terreno en Venezuela,https://bitlysdowssl-aws.com/2026/07/nasa-confirmo-desplazamiento-masivo-de-terreno-en-caracas-y-la-guaira-provocado-por-los-terremotos/,,Spanish,20260711T211500Z,,bitlysdowssl-aws.com,2026-07-11 22:38:31
Operarios municipales se capacitan para el manejo de la nueva motoniveladora,https://www.elchubut.com.ar/esquel/2026-7-11-16-54-0-operarios-municipales-se-capacitan-para-el-manejo-de-la-nueva-motoniveladora,Argentina,Spanish,20260711T211500Z,,elchubut.com.ar,2026-07-11 22:38:31
How Mutfwang Is Building Prosperity Around Plateau Potato – THISDAYLIVE,https://www.thisdaylive.com/2026/07/11/how-mutfwang-is-building-prosperity-around-plateau-potato/,Nigeria,English,20260711T211500Z,,thisdaylive.com,2026-07-11 22:38:31
ADR跑輸費半 ！ 台積電 「 這天 」 過後 或迎噴出行情 | 財經 | 三立新聞網 SETN . COM,https://www.setn.com/news/1870567,Taiwan,Chinese,20260711T211500Z,,setn.com,2026-07-11 22:38:31
How Are You ? It Alan ( Partridge ) ,https://www.tvguide.co.uk/schedule/968372b9-4716-53f0-beb8-a451f53a47b3/how-are-you-its-alan-partridge,United Kingdom,English,20260711T211500Z,,tvguide.co.uk,2026-07-11 22:38:31
Η τεχνητή νοημοσύνη στο επίκεντρο της σύγκρουσης Altman – Musk,https://www.sbctv.gr/2026/07/%CF%84%CE%B5%CF%87%CE%BD%CE%B7%CF%84%CE%B7-%CE%BD%CE%BF%CE%B7%CE%BC%CE%BF%CF%83%CF%85%CE%BD%CE%B7-34/,Greece,Greek,20260711T211500Z,,sbctv.gr,2026-07-11 22:38:31
"Bombero de Melgar en misión de rescate de Colombia tras terremoto en La Guaira , Venezuela",https://www.pulzo.com/mundo/bombero-de-melgar-en-mision-de-rescate-de-colombia-tras-terremoto-en-la-guaira-venezuela-PP5243062A,Colombia,Spanish,20260711T211500Z,,pulzo.com,2026-07-11 22:38:31
浙江机电产品出口增势良好 外贸增长呈绿色智能趋势,http://news.china.com.cn/2026-07/12/content_118594754.shtml,China,Chinese,20260711T211500Z,,news.china.com.cn,2026-07-11 22:38:31
"South Carolina emerges as one of top states for data centers , local skepticism persists",https://abcnews4.com/news/local/south-carolina-emerges-as-one-of-the-top-state-for-data-centers-local-skepticism-persists,United States,English,20260711T211500Z,,abcnews4.com,2026-07-11 22:38:31
山东公布首批26家重点建设具身智能机器人训练场,https://baijiahao.baidu.com/s?id=1870437648471277039,China,Chinese,20260711T211500Z,,baijiahao.baidu.com,2026-07-11 22:38:31
جوہری ہتھیار ختم کرنے ہیں تو آغاز امریکی اور اس کے اتحادیوں سے کریں ؛ شمالی کوریا,https://www.express.pk/story/2821718/north-korea-nuclear-weapon-closed-2821718,Pakistan,Urdu,20260711T211500Z,,express.pk,2026-07-11 22:38:31
饌堂 － 黑金滷肉飯 （ 中山店 ） 適合第一次吃嗎 ？》 饌堂中山店成黑金滷肉飯代表 - wf6eamqq49616 的部落格,https://blog.udn.com:443/wf6eamqq49616/191324722,Taiwan,Chinese,20260711T211500Z,,blog.udn.com,2026-07-11 22:38:31
UK places major cloud providers under financial oversight,http://www.bignewsnetwork.com/news/279179612/uk-places-major-cloud-providers-under-financial-oversight,United States,English,20260711T211500Z,,bignewsnetwork.com,2026-07-11 22:38:31
免驚回檔 ！ 這3大龍頭股最值得加碼 它今年股價已狂飆超過40 % | 財經 | 三立新聞網 SETN . COM,https://www.setn.com/news/1871056,Taiwan,Chinese,20260711T211500Z,,setn.com,2026-07-11 22:38:31
More than yoga : The new wellness retreats are tapped into what our nervous systems need,https://www.brisbanetimes.com.au/lifestyle/life-and-relationships/more-than-yoga-the-new-wellness-retreats-are-tapped-into-what-our-nervous-systems-need-20260626-p60aby.html,Australia,English,20260711T211500Z,,brisbanetimes.com.au,2026-07-11 22:38:31
Proveržis diagnozuojant endometriozę ? Nauji testai leistų ligą nustatyti greičiau,https://www.lrt.lt/naujienos/sveikata/682/2985361/proverzis-diagnozuojant-endometrioze-nauji-testai-leistu-liga-nustatyti-greiciau,Lithuania,Lithuanian,20260711T211500Z,,lrt.lt,2026-07-11 22:38:31
New Styxosaurus exhibit unveiled at southern Manitoba museum,https://www.cbc.ca/news/canada/manitoba/morden-canadian-fossil-discovery-centre-styxosaurus-9.7266976,Canada,English,20260711T211500Z,,cbc.ca,2026-07-11 22:38:31
Impenetrable steel  Black Box  will catalog human catastrophe,https://www.koat.com/article/impenetrable-steel-black-box-record-every-step-humanity-takes-toward-catastrophe/71905872,United States,English,20260711T211500Z,,koat.com,2026-07-11 22:38:31
Bombeiros mineiros retornam após missão humanitária na Venezuela,https://www.em.com.br/gerais/2026/07/7459472-bombeiros-mineiros-retornam-apos-missao-humanitaria-na-venezuela.html,Brazil,Portuguese,20260711T211500Z,,em.com.br,2026-07-11 22:38:31
Apple съди OpenAI за кражба и корпоративен шпионаж,https://www.segabg.com/hot/category-technologies/apple-sudi-openai-za-krazhba-i-korporativen-shpionazh,Bulgaria,Bulgarian,20260711T211500Z,,segabg.com,2026-07-11 22:38:31
Στροφή από τις ΗΠΑ - Καναδάς και Σαουδική Αραβία υπέγραψαν 13 συμφωνίες άνω των 700 εκατ . δολαρίων,https://www.bankingnews.gr/diethni/articles/887608/strofi-apo-tis-ipa-kanadas-kai-saoudiki-aravia-ypegrapsan-13-symfonies-ano-ton-700-ekat-dolarion,Greece,Greek,20260711T211500Z,,bankingnews.gr,2026-07-11 22:38:31
Echoes of 1999 : Why the AI Investment Bubble Will End Like the Dot - Com Crash – NaturalNews . com,https://naturalnews.com/2026-07-10-echoes-of-1999-ai-investment-bubble-will-end.html,United States,English,20260711T211500Z,,naturalnews.com,2026-07-11 22:38:31
UK regulates cloud giants to strengthen financial resilience,http://www.britainnews.net/news/279179612/uk-regulates-cloud-giants-to-strengthen-financial-resilience,United Kingdom,English,20260711T211500Z,,britainnews.net,2026-07-11 22:38:31
Amazon is losing the battle for online groceries,https://finance.yahoo.com/media-advertising/articles/amazon-losing-battle-online-groceries-203300711.html,United States,English,20260711T211500Z,,finance.yahoo.com,2026-07-11 22:38:31
Speyer : Mann geht in Binsfeldsee unter – Badeverbot verhängt,https://www.t-online.de/nachrichten/panorama/ungluecke/id_101339174/speyer-mann-geht-in-binsfeldsee-unter-badeverbot-verhaengt.html,Germany,German,20260711T211500Z,,t-online.de,2026-07-11 22:38:31
加拿大存钱党笑了 ！ 多家银行集体涨利率 ！ 最高达到4 . 75 %- 华侨网,https://www.chinesepress.com/archives/180829,China,Chinese,20260711T211500Z,,chinesepress.com,2026-07-11 22:38:31
Digital payments power Nigeria $11 . 09b food service industry – Study,https://theeagleonline.com.ng/digital-payments-power-nigerias-11-09b-food-service-industry-study/,Nigeria,English,20260711T211500Z,,theeagleonline.com.ng,2026-07-11 22:38:31
輝達祕密計畫AI中央銀行 ！ 阮慕驊爆算力卡死僵局打破 背後獲利模式曝光 | 財經,https://www.setn.com/news/1870371,Taiwan,Chinese,20260711T211500Z,,setn.com,2026-07-11 22:38:31
خبرگزاری هرانا | منازعه بر سر زیرساخت‌های دوکاربرده در جنگ ایران ، اسرائیل و آمریکا / سونیا سعادت,https://www.hra-news.org/articles/a-1587/,Iran,Persian,20260711T211500Z,,hra-news.org,2026-07-11 22:38:31
Κικίλιας από Κάλυμνο :  Το νησί πρέπει να έχει σταθερή ακτοπλοϊκή σύνδεση όλο τον χρόνο  ,https://www.news247.gr/politiki/kikilias-apo-kalimno-to-nisi-prepei-na-exei-statheri-aktoploiki-sindesi-olo-ton-xrono/,Greece,Greek,20260711T211500Z,,news247.gr,2026-07-11 22:38:31
俄烏戰爭4年多 ！ 烏克蘭無人機破壞威力升級 俄羅斯面臨 「 消耗戰 」 困境 | 國際 | 三立新聞網 SETN . COM,https://www.setn.com/news/1871060,Taiwan,Chinese,20260711T211500Z,,setn.com,2026-07-11 22:38:31
More than yoga : The new wellness retreats are tapped into what our nervous systems need,https://www.theage.com.au/lifestyle/life-and-relationships/more-than-yoga-the-new-wellness-retreats-are-tapped-into-what-our-nervous-systems-need-20260626-p60aby.html,Australia,English,20260711T211500Z,,theage.com.au,2026-07-11 22:38:31
28 مؤسسة تستعرض مهن المستقبل,https://www.raya.com/2026/07/12/28-%D9%85%D8%A4%D8%B3%D8%B3%D8%A9-%D8%AA%D8%B3%D8%AA%D8%B9%D8%B1%D8%B6-%D9%85%D9%87%D9%86-%D8%A7%D9%84%D9%85%D8%B3%D8%AA%D9%82%D8%A8%D9%84,Qatar,Arabic,20260711T211500Z,,raya.com,2026-07-11 22:38:31
Torres puso en valor las obras que garantizan igualdad de oportunidades para el interior,https://www.elchubut.com.ar/regionales/2026-7-11-17-16-0-torres-resalto-obras-clave-durante-el-aniversario-de-tecka,Argentina,Spanish,20260711T211500Z,,elchubut.com.ar,2026-07-11 22:38:31
 [ MAGAZINE ] La filière crevette confrontée à des défis techniques importants,https://www.lnc.nc/article/magazine-la-filiere-crevette-confrontee-a-des-defis-techniques-importants,New Caledonia,French,20260711T211500Z,,lnc.nc,2026-07-11 22:38:31
UK tightens oversight of cloud firms serving finance sector,http://www.bangladeshsun.com/news/279179612/uk-tightens-oversight-of-cloud-firms-serving-finance-sector,Bangladesh,English,20260711T211500Z,,bangladeshsun.com,2026-07-11 22:38:31
"Prodigi , 600 volontari formati in 15 mesi : il bilancio del progetto – Cataniaoggi . it",https://www.cataniaoggi.it/catania/prodigi-600-volontari-formati-in-15-mesi-il-bilancio-del-progetto-11-07-2026,Italy,Italian,20260711T211500Z,,cataniaoggi.it,2026-07-11 22:38:31
Ex - moradora de Várzea Grande percorre o mundo em mochilão por nove países e  bomba  nas redes,https://www.gazetadigital.com.br/editorias/cidades/ex-moradora-de-varzea-grande-percorre-o-mundo-em-mochilao-por-nove-paises-e-bomba-nas-redes/852771,Brazil,Portuguese,20260711T210000Z,,gazetadigital.com.br,2026-07-11 22:38:31
台南校園定位鞋OEM 》 廣薪實業 提供鞋墊尺寸 、 厚度 、 材質 、 Logo 全方位客製服務 - j88t2etb63580 的部落格,https://blog.udn.com:443/j88t2etb63580/191324696,Taiwan,Chinese,20260711T210000Z,,blog.udn.com,2026-07-11 22:38:31
昇恆昌酒吧 、 音樂快閃店 桃機登場 - 產業 ． 科技,https://www.chinatimes.com/newspapers/20260712000326-260204,Taiwan,Chinese,20260711T210000Z,,chinatimes.com,2026-07-11 22:38:31
Сигналът - Българска национална телевизия,https://bnt.bg/news/signalat-350134news.html,Bulgaria,Bulgarian,20260711T210000Z,,bnt.bg,2026-07-11 22:38:31
"Українські дрони експерт США попередив про нову загрозу , до якої не готова Америка Світ",https://tsn.ua/svit/ukrayina-zavdala-rosiyi-udaru-do-iakoho-ne-hotovi-navit-ssha-u-fox-news-poiasnyly-chomu-3125975.html,Ukraine,Ukrainian,20260711T210000Z,,tsn.ua,2026-07-11 22:38:31
Energy Stocks To Follow Today – July 10th,https://www.tickerreport.com/banking-finance/13501210/energy-stocks-to-follow-today-july-10th.html,United States,English,20260711T210000Z,,tickerreport.com,2026-07-11 22:38:31
Almanyanın en zengin insanı Amazonla yarışa hazırlanıyor,https://www.bursahakimiyet.com.tr/ekonomi/almanya-nin-en-zengin-insani-amazon-la-yarisa-hazirlaniyor-1668194,Turkey,Turkish,20260711T210000Z,,bursahakimiyet.com.tr,2026-07-11 22:38:31
Was heute als salonfähig gilt : Die Suche nach der Schnittmenge,https://taz.de/Was-heute-als-salonfaehig-gilt/!6191091/,Germany,German,20260711T210000Z,,taz.de,2026-07-11 22:38:31
"For Sale ( 30 Pieces ) New Apple iPhone 17 Pro Max Original 256GB Unlocked $26 , 970CAD",http://www.dhal3.com/vb/showthread.php?s=803d9da975c5a2acbc49931ddb1e4691&t=307119,United States,English,20260711T210000Z,,dhal3.com,2026-07-11 22:38:31
Польща готова модернізувати українські МіГ - 29 - які умови Політика,https://tsn.ua/politika/polshcha-hotova-modernizuvaty-ukrayinski-mih-29-ministr-oborony-nazvav-holovnu-umovu-3125960.html,Ukraine,Ukrainian,20260711T210000Z,,tsn.ua,2026-07-11 22:38:31
馥麗溫泉飯店 推全包式親子專案 - 產業 ． 科技,https://www.chinatimes.com/newspapers/20260712000322-260204,Taiwan,Chinese,20260711T210000Z,,chinatimes.com,2026-07-11 22:38:31
Today Journal Obituaries : Honoring Lives With Dignity And Respect,https://www.unitaid.eu/journal-obituaries-today-15p9.html,,English,20260711T210000Z,,unitaid.eu,2026-07-11 22:38:31
Europa quiere alimentar la inteligencia artificial con el calor que duerme bajo tierra y aprovechar hasta el último grado que producen sus servidores . La geotermia profunda convertiría los centros de datos en nodos capaces de generar electricidad y ...,https://es.gizmodo.com/europa-quiere-convertir-los-centros-de-datos-en-fabricas-de-energia-geotermia-profunda-y-calefaccion-urbana-para-transformar-el-calor-de-ia-en-electricidad-y-hogares-calientes-2000223505,United States,Spanish,20260711T210000Z,,es.gizmodo.com,2026-07-11 22:38:31
53 000 demandes de visas par an : Christine Fages promet une modernisation du système VFS Global,https://senego.com/53-000-demandes-de-visas-par-an-christine-fages-promet-une-modernisation-du-systeme-vfs-global_1982342.html,Senegal,French,20260711T210000Z,,senego.com,2026-07-11 22:38:31
Истребители МиГ - 29 – Польша может передать самолеты Украине и модернизировать их,https://24tv.ua/geopolitics/ru/istrebiteli-mig-29-polsha-mozhet-peredat-samolety-ukraine-modernizirovat_n3104074,Ukraine,Russian,20260711T210000Z,,24tv.ua,2026-07-11 22:38:31
Carson City Sheriff Office announces undersheriff retirement and promotion,https://www.carsonnow.org/07/11/2026/carson-city-sheriffs-office-announces-undersheriff-retirement-and-promotion,United States,English,20260711T210000Z,,carsonnow.org,2026-07-11 22:38:31
TOYOTA RUN高雄樂齡場 幸福開跑 - 產業 ． 科技,https://www.chinatimes.com/newspapers/20260712000324-260204,Taiwan,Chinese,20260711T210000Z,,chinatimes.com,2026-07-11 22:38:31
"Short Interest in Isuzu Motors Ltd . ( OTCMKTS : ISUZY ) Grows By 1 , 486 . 4 % ",https://www.themarketsdaily.com/2026/07/11/short-interest-in-isuzu-motors-ltd-otcmktsisuzy-grows-by-1486-4.html,United States,English,20260711T210000Z,,themarketsdaily.com,2026-07-11 22:38:31
Japón ha encontrado una forma de producir electricidad allí donde el agua dulce se mezcla con el océano . Su primera planta de  energía azul  promete generar energía limpia las 24 horas sin depender del sol ni del viento,https://es.gizmodo.com/japon-acaba-de-lograr-lo-que-parecia-imposible-ha-convertido-agua-salada-en-electricidad-llama-energia-azul-2000203795,United States,Spanish,20260711T210000Z,,es.gizmodo.com,2026-07-11 22:38:31
Missing Hyderabad student body found in Finland Helsinki sea after two months,https://www.newindianexpress.com/india/2026/Jul/11/missing-hyderabad-students-body-found-in-finlands-helsinki-sea-after-two-months,India,English,20260711T210000Z,,newindianexpress.com,2026-07-11 22:38:31
Impenetrable steel  Black Box  will catalog human catastrophe,https://www.wlwt.com/article/impenetrable-steel-black-box-record-every-step-humanity-takes-toward-catastrophe/71905872,United States,English,20260711T210000Z,,wlwt.com,2026-07-11 22:38:31
Зарядна станція для квартири й будинку : рейтинг 2026,https://kirovograd.net/tehno/101819/,Ukraine,Ukrainian,20260711T210000Z,,kirovograd.net,2026-07-11 22:38:31
"Palantir , la empresa más peligrosa del mundo – ANRed",https://www.anred.org/palantir-la-empresa-mas-peligrosa-del-mundo/,Argentina,Spanish,20260711T210000Z,,anred.org,2026-07-11 22:38:31
一见 · 扎扎实实以科技创新支撑和引领中国式现代化 _ 未来网,https://news.k618.cn/special/cxxxzt/rmjj/202607/t20260711_20037305.html,,Chinese,20260711T210000Z,,news.k618.cn,2026-07-11 22:38:31
Fintechs ampliam atuao no RN com solues para o mercado financeiro,https://tribunadonorte.com.br/economia/fintechs-ampliam-atuacao-no-rn-com-solucoes-para-o-mercado-financeiro/,Brazil,Portuguese,20260711T210000Z,,tribunadonorte.com.br,2026-07-11 22:38:31
Entrada Therapeutics ( NASDAQ : TRDA ) Trading Up 1 . 1 % – Should You Buy ? ,https://www.dailypolitical.com/2026/07/11/entrada-therapeutics-nasdaqtrda-trading-up-1-1-should-you-buy.html,United States,English,20260711T210000Z,,dailypolitical.com,2026-07-11 22:38:31
عادل حمودة : المسيرات غيرت طبيعة الحروب الحديثة .. وداعش استغل التكنولوجيا التجارية,https://www.elwatannews.com/news/details/8318540,Egypt,Arabic,20260711T210000Z,,elwatannews.com,2026-07-11 22:38:31
"Software engineer death at Mussoorie homestay : Husband held , probe underway",https://www.newindianexpress.com/india/2026/Jul/11/software-engineers-death-at-mussoorie-homestay-husband-held-probe-underway,India,English,20260711T210000Z,,newindianexpress.com,2026-07-11 22:38:31
Allanamiento en Manta : Dos detenidos con armas y municiones,https://www.eldiario.ec/seguridad/a-dos-detenidos-en-un-allanamiento-les-decomisaron-armas-y-municiones-en-manta-11072026/,Ecuador,Spanish,20260711T210000Z,,eldiario.ec,2026-07-11 22:38:31
Impenetrable steel  Black Box  will catalog human catastrophe,https://www.wpbf.com/article/impenetrable-steel-black-box-record-every-step-humanity-takes-toward-catastrophe/71905872,United States,English,20260711T210000Z,,wpbf.com,2026-07-11 22:38:31
"Russland , Ukraina | Ukrainas eks - hærsjef advarer mot å tro at Russland har tapt krigen",https://www.nettavisen.no/nyheter/ukrainas-eks-harsjef-advarer-mot-a-tro-at-russland-har-tapt-krigen/s/5-95-3143154,Norway,Norwegian,20260711T210000Z,,nettavisen.no,2026-07-11 22:38:31
